Date,"Polar bear","Great white shark","Blue whale","Anglerfish"
2023-01-01,3420,1917,2629,1535
2023-01-02,3237,2267,2793,1409
2023-01-03,2840,2130,2894,1232
2023-01-04,3694,2458,2838,1193
2023-01-05,3341,2550,2840,1288
2023-01-06,3134,2460,2837,1220
2023-01-07,2902,2496,3093,1267
2023-01-08,3014,2548,3562,1239
2023-01-09,5199,2633,3511,1127
2023-01-10,7731,2805,3103,1223
2023-01-11,4007,2716,3209,1296
2023-01-12,3817,2822,3057,1349
2023-01-13,3466,2725,3504,1373
2023-01-14,2943,2450,3013,1222
2023-01-15,3391,2380,3340,1239
2023-01-16,3549,2499,4725,1608
2023-01-17,3776,2610,5142,1285
2023-01-18,6746,2743,3604,1429
2023-01-19,5445,2686,3507,1363
2023-01-20,4992,3672,3236,1356
2023-01-21,3811,5153,3376,1303
2023-01-22,3737,4877,3328,1444
2023-01-23,4016,3390,3524,1295
2023-01-24,4009,3119,3275,1241
2023-01-25,3837,2729,3104,1256
2023-01-26,3799,2678,3102,1267
2023-01-27,3650,2721,3322,1250
2023-01-28,2972,2678,3297,1353
2023-01-29,3456,3405,3766,1281
2023-01-30,3868,2913,3426,1348
2023-01-31,3923,2982,3559,1342
2023-02-01,3663,3549,3201,1455
2023-02-02,3788,2794,3226,1493
2023-02-03,3397,2860,3232,1762
2023-02-04,3225,3193,3396,1789
2023-02-05,3550,3462,3406,1787
2023-02-06,3534,3302,3291,1672
2023-02-07,3680,2777,3089,1460
2023-02-08,3657,2734,2937,1464
2023-02-09,3448,2875,3659,1469
2023-02-10,3195,2403,2991,1328
2023-02-11,2879,2204,2923,1401
2023-02-12,2997,2543,3190,1417
2023-02-13,3233,2517,3021,1324
2023-02-14,3052,2447,3116,1489
2023-02-15,2964,2941,3062,1284
2023-02-16,3022,2511,3105,1439
2023-02-17,2934,2463,3108,1385
2023-02-18,2687,2512,3116,1422
2023-02-19,3028,2806,5850,1697
2023-02-20,3208,3309,3614,1515
2023-02-21,3149,3024,3755,1825
2023-02-22,3318,2712,3449,2056
2023-02-23,3298,2859,3166,1770
2023-02-24,3210,2439,3062,1520
2023-02-25,2831,3559,3327,1503
2023-02-26,3358,2788,3835,1636
2023-02-27,12885,2580,3603,1530
2023-02-28,5775,2938,3549,1511
2023-03-01,4014,2810,3379,1532
2023-03-02,3985,2460,3334,1686
2023-03-03,3714,3724,3512,1576
2023-03-04,3150,2883,3217,1461
2023-03-05,3370,2997,4018,1712
2023-03-06,3707,3080,4041,1514
2023-03-07,3923,2969,3753,1635
2023-03-08,3559,2728,3471,1500
2023-03-09,3732,3146,3676,1405
2023-03-10,3165,2908,3199,1343
2023-03-11,2898,2486,3218,1343
2023-03-12,3253,2977,4693,1632
2023-03-13,3441,2751,3634,1734
2023-03-14,3568,2835,4017,1551
2023-03-15,3780,3179,4003,1390
2023-03-16,3825,3326,3855,1997
2023-03-17,3146,3086,3634,1549
2023-03-18,2931,2694,3623,1510
2023-03-19,3024,2960,3526,1870
2023-03-20,3509,3230,3837,1777
2023-03-21,3520,3292,4565,1658
2023-03-22,3399,2998,4288,1669
2023-03-23,3923,2870,4508,1746
2023-03-24,3254,2804,3763,1731
2023-03-25,3017,2914,3921,1698
2023-03-26,3416,2883,3886,1636
2023-03-27,3887,3495,4376,1569
2023-03-28,3560,3559,4769,1513
2023-03-29,3353,3215,4350,6369
2023-03-30,3216,3192,4598,2448
2023-03-31,3014,3699,3637,1776
2023-04-01,2673,2556,3805,1664
2023-04-02,2882,2771,3727,1588
2023-04-03,3047,2958,4041,1845
2023-04-04,3024,2730,3852,1688
2023-04-05,2627,2521,2949,1417
2023-04-06,2756,2469,2971,1358
2023-04-07,2620,2600,3044,1404
2023-04-08,2367,2425,2993,1367
2023-04-09,2372,2503,3171,1347
2023-04-10,2631,2686,3210,1676
2023-04-11,2743,2700,3167,1607
2023-04-12,2848,2774,3094,1512
2023-04-13,2740,2526,3330,1469
2023-04-14,2638,2788,3059,1354
2023-04-15,2454,2281,2839,1293
2023-04-16,2678,2847,3012,1358
2023-04-17,3006,2735,3186,1459
2023-04-18,3075,2606,3246,1375
2023-04-19,3150,2656,4384,1475
2023-04-20,3235,2497,3498,1467
2023-04-21,3021,2514,3249,1488
2023-04-22,2583,2305,3259,1459
2023-04-23,2875,2656,3498,1684
2023-04-24,3228,3058,3799,1479
2023-04-25,3236,2921,3462,1520
2023-04-26,3276,2949,3232,1511
2023-04-27,3413,3091,3429,1337
2023-04-28,3027,2641,3265,1496
2023-04-29,2482,2476,3064,1479
2023-04-30,2651,2564,3247,1503
2023-05-01,3265,3104,3629,1546
2023-05-02,3286,2850,3427,1533
2023-05-03,3213,2910,3230,1464
2023-05-04,3359,2853,3708,1535
2023-05-05,3036,2699,3874,1439
2023-05-06,2550,2465,3575,1331
2023-05-07,2906,2829,3959,1389
2023-05-08,3197,3061,4069,1578
2023-05-09,3382,3468,4161,1506
2023-05-10,3352,3241,3657,1477
2023-05-11,3268,3170,3564,1539
2023-05-12,2851,2895,3469,1612
2023-05-13,2367,2529,3526,2578
2023-05-14,2712,2807,3882,1561
2023-05-15,3318,4024,4181,1717
2023-05-16,3411,3596,3927,1820
2023-05-17,3572,3244,6206,1531
2023-05-18,3423,3140,5912,1460
2023-05-19,3191,2827,3896,1494
2023-05-20,2832,2510,3862,1699
2023-05-21,2895,3019,3671,1599
2023-05-22,4098,3680,3750,1415
2023-05-23,3379,3300,3408,1530
2023-05-24,3051,4712,3479,1440
2023-05-25,3012,3197,3802,1370
2023-05-26,2741,3719,3622,1400
2023-05-27,2940,2923,3669,1277
2023-05-28,2514,2941,3889,1452
2023-05-29,3020,3586,4081,1401
2023-05-30,3184,3822,4003,1329
2023-05-31,3213,3420,3756,1614
2023-06-01,3111,3314,3647,1529
2023-06-02,2813,2990,3635,2610
2023-06-03,2708,3014,3703,1295
2023-06-04,3076,3916,4230,1424
2023-06-05,3082,3676,3779,1385
2023-06-06,3061,3178,3567,1357
2023-06-07,2921,3209,3488,1375
2023-06-08,2983,5499,4019,1416
2023-06-09,2962,11150,4249,1433
2023-06-10,2576,7577,4298,1415
2023-06-11,2759,6436,4752,1579
2023-06-12,3075,6040,4319,1520
2023-06-13,2992,5500,4055,1434
2023-06-14,3262,4941,3773,1898
2023-06-15,3349,4447,3904,1725
2023-06-16,3134,4245,3792,1462
2023-06-17,2881,4406,3839,1420
2023-06-18,3309,4210,4992,1459
2023-06-19,3363,4286,4255,1398
2023-06-20,3107,4676,4398,2592
2023-06-21,3090,4684,6588,5371
2023-06-22,3270,5122,7230,8117
2023-06-23,3217,5088,6457,8041
2023-06-24,2849,4346,6580,5003
2023-06-25,3269,6157,6599,4008
2023-06-26,3293,5202,7298,3174
2023-06-27,2968,5079,7100,3105
2023-06-28,3138,4599,13301,2869
2023-06-29,2742,4594,9563,2834
2023-06-30,3405,4141,6697,2373
2023-07-01,3115,4692,5895,2328
2023-07-02,3301,6070,5422,3145
2023-07-03,3498,5844,5637,3069
2023-07-04,3076,5973,5552,2456
2023-07-05,2984,6426,4716,2018
2023-07-06,3053,5689,4533,1951
2023-07-07,2770,5469,4272,1795
2023-07-08,2855,5472,4446,1879
2023-07-09,3223,5287,4808,1895
2023-07-10,3810,5061,4312,1880
2023-07-11,3888,4362,4154,1655
2023-07-12,3283,4509,3711,1715
2023-07-13,3133,4222,4494,1574
2023-07-14,2899,5571,4318,1692
2023-07-15,3048,5448,4882,1791
2023-07-16,3087,5291,4941,1704
2023-07-17,3165,5059,4585,2090
2023-07-18,2965,5266,4065,1714
2023-07-19,2885,4049,3795,1585
2023-07-20,2815,3926,3795,1468
2023-07-21,2806,4303,3793,1403
2023-07-22,2936,4256,3811,1616
2023-07-23,3065,5004,4593,1973
2023-07-24,3236,6634,4169,2045
2023-07-25,2970,5952,3672,1891
2023-07-26,2963,5647,4077,1636
2023-07-27,2944,5366,3907,1563
2023-07-28,3142,5330,4088,1689
2023-07-29,3586,5831,4319,1487
2023-07-30,3451,6194,4182,1552
2023-07-31,3753,4823,3845,1468
2023-08-01,3934,4593,3552,1245
2023-08-02,4015,4041,7620,1295
2023-08-03,3660,4127,16692,1353
2023-08-04,3022,4427,7685,1257
2023-08-05,2921,4076,5766,1463
2023-08-06,3192,4543,5308,1503
2023-08-07,3237,4009,4725,1321
2023-08-08,3092,4037,4079,1305
2023-08-09,3241,3854,3916,1341
2023-08-10,3437,3535,3639,1247
2023-08-11,2958,3262,3392,1347
2023-08-12,3309,3569,4076,1310
2023-08-13,3296,3969,3900,1413
2023-08-14,3064,3441,3698,1379
2023-08-15,3475,3138,3301,1286
2023-08-16,3191,3465,3209,1360
2023-08-17,3284,3362,4128,1273
2023-08-18,3065,3387,3471,1222
2023-08-19,2779,3177,3543,1213
2023-08-20,3052,3215,3647,1261
2023-08-21,3331,3241,3619,1904
2023-08-22,3175,3043,3390,1624
2023-08-23,3233,2690,3375,1532
2023-08-24,3407,2827,3174,2051
2023-08-25,3088,2880,3772,2262
2023-08-26,3110,3013,4731,1704
2023-08-27,3055,3250,3859,1421
2023-08-28,3261,3283,3690,1351
2023-08-29,3149,2745,3082,1300
2023-08-30,3156,2903,2943,1180
2023-08-31,3291,2735,3660,1317
2023-09-01,2888,2413,3531,1272
2023-09-02,2909,2428,3129,1201
2023-09-03,3112,2630,3260,1416
2023-09-04,3270,2951,3485,1293
2023-09-05,3135,2607,3102,1286
2023-09-06,3248,2694,3316,1259
2023-09-07,3371,2768,3865,1432
2023-09-08,3266,2693,2918,1241
2023-09-09,2828,2592,3051,1331
2023-09-10,3031,2809,3833,1227
2023-09-11,3532,2773,3457,1325
2023-09-12,3539,2547,3220,1242
2023-09-13,3471,2686,2936,1159
2023-09-14,3372,2915,3100,1249
2023-09-15,3095,2565,2919,1160
2023-09-16,2866,2854,3187,1226
2023-09-17,3066,2886,3263,1273
2023-09-18,3334,2919,3199,1269
2023-09-19,3794,2534,2987,1272
2023-09-20,3378,2441,2969,1241
2023-09-21,3790,2479,2946,1276
2023-09-22,3252,2329,3389,1272
2023-09-23,2998,2297,3150,1517
2023-09-24,3188,2316,3329,1437
2023-09-25,3433,2509,3308,1256
2023-09-26,3748,2278,2984,1188
2023-09-27,3804,2113,2932,1302
2023-09-28,3463,2137,3237,1322
2023-09-29,3261,2260,2838,1144
2023-09-30,3080,2334,3339,1323
2023-10-01,3265,2299,3389,1424
2023-10-02,4137,2465,3316,1423
2023-10-03,4108,2437,3113,1300
2023-10-04,3668,3413,2951,1365
2023-10-05,3655,2485,2915,1212
2023-10-06,3392,2399,2797,1237
2023-10-07,3093,2247,2793,1105
2023-10-08,3143,2151,3036,1273
2023-10-09,3404,2066,2851,1298
2023-10-10,3381,2219,2966,1356
2023-10-11,3301,2081,2855,1799
2023-10-12,3235,2273,2782,1660
2023-10-13,2979,2103,2654,1339
2023-10-14,2761,1983,2625,1362
2023-10-15,2965,1892,3117,1233
2023-10-16,3366,2206,2836,1266
2023-10-17,3336,2232,2782,1195
2023-10-18,3350,2226,2742,1409
2023-10-19,4185,2346,2745,1722
2023-10-20,3376,2211,2564,2254
2023-10-21,2860,2066,2962,2375
2023-10-22,2959,2400,3866,1681
2023-10-23,3454,2462,3163,1878
2023-10-24,3641,2423,3570,2054
2023-10-25,3405,2227,2920,1747
2023-10-26,3201,2662,3052,2034
2023-10-27,3067,2240,2855,2087
2023-10-28,2910,2007,2775,1841
2023-10-29,3102,2347,3216,1881
2023-10-30,3553,3208,2882,1706
2023-10-31,3121,2277,2522,2201
2023-11-01,3151,2334,2546,2687
2023-11-02,3258,2388,2954,2380
2023-11-03,3142,2328,2891,2516
2023-11-04,2596,2378,2740,1907
2023-11-05,3220,2287,2977,1696
2023-11-06,3643,2316,3266,1599
2023-11-07,3612,2299,3414,1488
2023-11-08,3635,2443,2964,1466
2023-11-09,3638,2212,2815,1603
2023-11-10,3266,2284,2711,1755
2023-11-11,2830,2193,3621,1676
2023-11-12,3159,2363,2850,1964
2023-11-13,3731,2252,3165,1710
2023-11-14,3887,2261,3414,1611
2023-11-15,3788,2186,3325,1562
2023-11-16,3639,2454,3281,1510
2023-11-17,3346,2227,3260,1646
2023-11-18,3249,2127,3064,1599
2023-11-19,3714,2406,3225,1659
2023-11-20,4264,2260,3085,1566
2023-11-21,4241,2365,3145,1423
2023-11-22,3877,2194,3157,1373
2023-11-23,3717,2223,7606,1590
2023-11-24,3434,2080,5075,1395
2023-11-25,3369,2065,4494,1369
2023-11-26,3672,2272,3940,1379
2023-11-27,3916,2229,3433,1447
2023-11-28,3795,2316,3127,1375
2023-11-29,4074,2107,3110,1426
2023-11-30,3887,2173,3176,1405
2023-12-01,3859,2254,2874,1294
2023-12-02,3417,1993,3075,1475
2023-12-03,3648,2196,3357,1436
2023-12-04,4365,2530,3289,1480
2023-12-05,4336,2757,3228,1697
2023-12-06,4505,2509,2979,1337
2023-12-07,4309,2196,3277,1411
2023-12-08,3777,2134,2884,1322
2023-12-09,3456,2125,3255,2141
2023-12-10,3798,2253,3853,3056
2023-12-11,4329,2436,4180,1901
2023-12-12,4120,2253,3692,1572
2023-12-13,4104,2289,4071,1629
2023-12-14,3778,2127,3382,1385
2023-12-15,3546,2216,2972,1260
2023-12-16,3179,2326,2954,1188
2023-12-17,3338,2233,3453,1196
2023-12-18,3879,2913,3450,1320
2023-12-19,3392,2263,2843,1168
2023-12-20,3356,2101,2770,1227
2023-12-21,3459,2033,2868,1100
2023-12-22,3390,1953,2695,1080
2023-12-23,3219,2059,3365,1104
2023-12-24,3409,2345,2853,1254
2023-12-25,3304,2274,2954,1409
2023-12-26,3187,2378,3474,1618
2023-12-27,3270,2123,3487,1543
2023-12-28,3270,2476,3285,1417
2023-12-29,2956,3667,3249,1298
2023-12-30,3035,2901,3223,1701
2023-12-31,3057,2553,3328,2260
2024-01-01,3166,2592,3131,1482
2024-01-02,3549,2653,3518,1410
2024-01-03,3948,2490,3364,1384
2024-01-04,3876,2586,3264,1424
2024-01-05,3571,2461,3192,1454
2024-01-06,3374,2445,3205,1584
2024-01-07,3746,2456,3462,1509
2024-01-08,4111,2516,3493,1421
2024-01-09,4563,2707,3688,1487
2024-01-10,4525,2651,3374,1630
2024-01-11,4537,2688,3524,1747
2024-01-12,4136,2649,3833,1747
2024-01-13,3699,2354,4400,1788
2024-01-14,4142,2362,4326,1837
2024-01-15,5026,2529,4337,1521
2024-01-16,5125,2440,3359,1514
2024-01-17,4969,2472,3242,1684
2024-01-18,5113,2652,3454,1705
2024-01-19,4633,2434,3592,1484
2024-01-20,3833,2290,3274,1462
2024-01-21,4237,2385,4011,1516
2024-01-22,7114,2946,3496,1586
2024-01-23,4955,2825,3484,1546
2024-01-24,4743,2778,3374,1657
2024-01-25,4557,3107,3286,1490
2024-01-26,4204,2617,3131,1465
2024-01-27,3644,2446,3169,1467
2024-01-28,3965,2619,3601,1465
2024-01-29,4504,4593,3815,1505
2024-01-30,4559,7962,3642,1566
2024-01-31,4618,5396,3876,1642
2024-02-01,4161,3741,3940,1689
2024-02-02,4113,3390,3897,1870
2024-02-03,3224,3023,5056,1793
2024-02-04,3415,3086,4321,1777
2024-02-05,4961,3055,3831,1754
2024-02-06,4693,2792,4017,1660
2024-02-07,5627,2590,3895,1643
2024-02-08,5553,2748,3489,1711
2024-02-09,4698,2420,3291,1774
2024-02-10,3462,2378,3083,1654
2024-02-11,3690,2946,4803,1647
2024-02-12,3557,2635,3740,1455
2024-02-13,4261,2265,3448,1486
2024-02-14,4084,2362,3105,1527
2024-02-15,3948,2569,3363,1432
2024-02-16,3538,2379,3570,1365
2024-02-17,3335,2935,3178,1324
2024-02-18,3515,2757,3705,1625
2024-02-19,3856,2750,3731,1525
2024-02-20,4024,2509,3488,1513
2024-02-21,3909,2554,3698,1533
2024-02-22,4046,2554,4269,1492
2024-02-23,3515,2644,3598,1475
2024-02-24,3336,2643,3403,1593
2024-02-25,3532,2925,3588,1674
2024-02-26,5279,3580,3711,1769
2024-02-27,60633,3097,3507,1611
2024-02-28,12407,2906,3813,1584
2024-02-29,6838,2689,3488,1528
2024-03-01,5217,3024,3771,1521
2024-03-02,3411,5672,3980,1461
2024-03-03,3481,3592,3934,1436
2024-03-04,3971,3523,3730,1551
2024-03-05,3924,3382,3920,1655
2024-03-06,3815,3381,4937,1550
2024-03-07,3919,3082,4360,1592
2024-03-08,3623,2936,3680,1418
2024-03-09,2791,2618,3552,1291
2024-03-10,2947,2721,3795,1512
2024-03-11,3293,3252,3571,3891
2024-03-12,3207,2764,3340,3456
2024-03-13,3116,2656,3276,2010
2024-03-14,3354,2558,3302,1651
2024-03-15,2989,2448,3190,2385
2024-03-16,2778,2331,3300,2268
2024-03-17,3112,2526,3367,2018
2024-03-18,3278,2673,3794,1961
2024-03-19,3247,2798,4110,1464
2024-03-20,3354,2672,3426,1644
2024-03-21,3188,2704,3276,1728
2024-03-22,3291,2802,3309,1790
2024-03-23,2477,2467,3422,1692
2024-03-24,2963,2662,3669,1860
2024-03-25,3119,2724,3364,1546
2024-03-26,3020,2641,3307,1516
2024-03-27,3020,2546,3354,1467
2024-03-28,2882,3295,4730,1689
2024-03-29,2563,2227,3865,1515
2024-03-30,2763,2181,3482,1421
2024-03-31,2582,2323,3253,6003
2024-04-01,2878,2586,3577,2582
2024-04-02,2990,2602,3224,1777
2024-04-03,2893,2538,3213,1473
2024-04-04,2850,2575,3032,1713
2024-04-05,2850,2477,2993,2163
2024-04-06,2510,2200,2952,2487
2024-04-07,2603,2407,3525,2420
2024-04-08,3017,2461,3035,1941
2024-04-09,3081,2572,3751,2229
2024-04-10,2982,2408,3122,1891
2024-04-11,2957,2554,2866,1735
2024-04-12,2848,2273,3016,1782
2024-04-13,2339,2171,2997,1740
2024-04-14,2690,2437,3046,1725
2024-04-15,3099,2515,2962,1951
2024-04-16,3040,2358,2877,1805
2024-04-17,3146,2682,3733,2151
2024-04-18,3126,2762,4317,2198
2024-04-19,3349,2538,3297,2162
2024-04-20,2660,2202,3295,2103
2024-04-21,2970,2483,3954,2167
2024-04-22,3395,2660,6249,2122
2024-04-23,3439,2680,4785,2179
2024-04-24,3377,2801,4067,2108
2024-04-25,3480,2757,3690,2006
2024-04-26,3266,2634,3439,1995
2024-04-27,2871,2769,3382,1775
2024-04-28,3043,2736,3560,1986
2024-04-29,3704,3620,3729,1888
2024-04-30,3612,2753,3352,1836
2024-05-01,3526,2656,3282,1909
2024-05-02,4204,2655,4319,1871
2024-05-03,3825,2578,4115,1767
2024-05-04,3110,2317,3262,1646
2024-05-05,3388,2670,3630,2456
2024-05-06,3838,2761,3901,2131
2024-05-07,3662,2621,3604,2107
2024-05-08,3683,3017,3333,2101
2024-05-09,3601,2943,4115,2104
2024-05-10,3159,2662,3503,1860
2024-05-11,2503,1997,2662,1675
2024-05-12,2692,2280,2864,1924
2024-05-13,3338,3054,3067,1857
2024-05-14,3942,2898,4196,1512
2024-05-15,3374,2709,3542,1650
2024-05-16,3535,2728,3783,1641
2024-05-17,3085,2596,3993,1759
2024-05-18,2437,2245,3755,2117
2024-05-19,3072,2529,3344,3229
2024-05-20,3456,2672,3236,4413
2024-05-21,3644,2586,3243,7081
2024-05-22,3377,2552,3188,4048
2024-05-23,4392,2405,3492,2844
2024-05-24,3393,2523,3436,1913
2024-05-25,2511,2376,3470,1689
2024-05-26,2496,3146,3396,1888
2024-05-27,2856,2808,5933,2070
2024-05-28,3310,2772,4736,2142
2024-05-29,3045,2445,3283,1619
2024-05-30,2584,2309,3046,1786
2024-05-31,2421,2292,2649,2528
2024-06-01,2229,2257,2662,1692
2024-06-02,2325,2149,2991,1563
2024-06-03,2893,2509,3005,1634
2024-06-04,2731,2376,3040,1680
2024-06-05,2741,2460,2679,1956
2024-06-06,2731,2835,2755,1487
2024-06-07,2444,2884,3201,1634
2024-06-08,2347,3105,3304,2495
2024-06-09,2555,3620,2858,2913
2024-06-10,2869,3276,2853,2669
2024-06-11,2856,3142,3475,2036
2024-06-12,2720,2795,2817,1586
2024-06-13,2632,2873,2772,1739
2024-06-14,2591,2680,3079,1526
2024-06-15,2126,2730,2836,1440
2024-06-16,2390,3133,3058,1548
2024-06-17,2521,3190,3112,1518
2024-06-18,2445,2831,3203,1272
2024-06-19,2488,2593,2539,1273
2024-06-20,2643,2610,2640,1213
2024-06-21,2355,2599,2945,1139
2024-06-22,2280,2573,2963,1154
2024-06-23,2324,2704,3274,2074
2024-06-24,2779,3406,2938,4843
2024-06-25,2346,2863,2498,1375
2024-06-26,2355,2636,2630,1421
2024-06-27,2312,2472,2542,1409
2024-06-28,2152,2096,2335,1346
2024-06-29,2217,2876,2580,1324
2024-06-30,2348,3141,2657,1298
2024-07-01,2474,2880,2527,1398
2024-07-02,2450,2584,2529,1205
2024-07-03,2339,2834,2473,1503
2024-07-04,2416,3481,2717,1262
2024-07-05,2235,4634,2706,1163
2024-07-06,2102,4408,2672,1274
2024-07-07,2245,4613,3037,1341
2024-07-08,2440,5356,2956,1295
2024-07-09,2704,5944,3880,1300
2024-07-10,2466,4382,5114,1373
2024-07-11,2357,4222,4247,1439
2024-07-12,2338,4085,3617,1486
2024-07-13,2455,4257,3100,1400
2024-07-14,2262,3722,2889,1282
2024-07-15,2270,3706,3090,1113
2024-07-16,2283,3495,3256,1180
2024-07-17,2488,3156,3245,1313
2024-07-18,2412,2911,2618,1314
2024-07-19,2128,2930,2475,1319
2024-07-20,2348,3465,2694,1433
2024-07-21,2519,3447,3148,1577
2024-07-22,2357,3345,2800,1429
2024-07-23,2419,3236,2773,1781
2024-07-24,2449,4497,3454,1393
2024-07-25,2450,3437,3160,1525
2024-07-26,2220,3018,3023,1320
2024-07-27,2225,2851,2862,1199
2024-07-28,2242,3193,3073,1305
2024-07-29,2456,3099,3064,1294
2024-07-30,2307,2797,2889,1260
2024-07-31,2201,2656,2619,1201
2024-08-01,2248,2697,2728,1122
2024-08-02,2172,2524,3241,1133
2024-08-03,1969,2784,3517,1257
2024-08-04,2199,2969,3306,1260
2024-08-05,2107,2894,2867,1170
2024-08-06,2082,2740,2889,1258
2024-08-07,2030,2561,2977,1154
2024-08-08,2165,2796,2629,1518
2024-08-09,2140,2585,2290,1352
2024-08-10,2035,2447,2497,1572
2024-08-11,2215,2847,2896,2812
2024-08-12,2423,2648,2873,6324
2024-08-13,2744,2642,2625,3451
2024-08-14,2874,2633,2859,3236
2024-08-15,2390,2793,2777,2747
2024-08-16,2157,2833,2677,2735
2024-08-17,2207,2867,3015,2326
2024-08-18,2352,2835,3341,2077
2024-08-19,2537,2888,3241,1819
2024-08-20,2516,2581,2975,1659
2024-08-21,2554,2480,2965,1418
2024-08-22,2506,2422,2809,1486
2024-08-23,2391,2630,2627,1409
2024-08-24,2373,2542,2651,1344
2024-08-25,2461,2768,3266,1342
2024-08-26,2665,2772,3443,1410
2024-08-27,2678,2486,3182,1286
2024-08-28,2548,2420,2814,1201
2024-08-29,2695,2441,2769,1310
2024-08-30,2496,2379,2785,1308
2024-08-31,2296,2277,2877,1244
2024-09-01,2436,2430,2903,1305
2024-09-02,2619,2644,2975,1271
2024-09-03,2686,2663,2750,1387
2024-09-04,2492,3388,2497,1275
2024-09-05,2593,3049,2300,1251
2024-09-06,2395,2694,2349,1248
2024-09-07,2284,2881,2424,1263
2024-09-08,3984,2535,2669,1241
2024-09-09,2932,2456,2510,1831
2024-09-10,2724,2249,2283,1598
2024-09-11,2602,2115,2345,1262
2024-09-12,2814,2220,2593,1365
2024-09-13,2549,2194,2309,1346
2024-09-14,2306,2358,2345,1233
2024-09-15,2510,2203,2539,1314
2024-09-16,2881,2293,2775,1347
2024-09-17,2836,2393,2585,1329
2024-09-18,2921,2600,2566,1283
2024-09-19,2955,2358,2576,1383
2024-09-20,3420,2009,2647,1367
2024-09-21,5607,1971,2575,1291
2024-09-22,4075,2113,2780,1408
2024-09-23,4391,2391,2660,1320
2024-09-24,3977,2356,2610,1382
2024-09-25,3315,2067,2539,1360
2024-09-26,3102,2408,2789,1620
2024-09-27,2867,1980,3131,1470
2024-09-28,2535,1805,3030,1312
2024-09-29,2712,2069,2816,1242
2024-09-30,3465,2079,2688,1425
2024-10-01,3181,1978,2825,1274
2024-10-02,3371,1909,3167,1640
2024-10-03,3071,1941,2557,2537
2024-10-04,2843,2053,3013,2322
2024-10-05,2382,1950,2572,2241
2024-10-06,2695,1937,2503,1866
2024-10-07,2929,2234,2421,1781
2024-10-08,2927,2205,2439,1581
2024-10-09,3085,2750,2536,1574
2024-10-10,3108,2129,2401,1449
2024-10-11,2569,2200,2244,1458
2024-10-12,2426,2436,2298,1423
2024-10-13,2718,2094,2884,1415
2024-10-14,2921,2210,2683,1343
2024-10-15,2922,2171,2427,1399
2024-10-16,2740,2228,2421,1465
2024-10-17,2741,2368,2618,1417
2024-10-18,2594,2255,2367,1396
2024-10-19,2340,1963,2536,1374
2024-10-20,2453,2027,2654,1533
2024-10-21,2842,2300,3130,1547
2024-10-22,2763,2149,2842,1487
2024-10-23,2835,2208,3264,1336
2024-10-24,3241,2055,2578,1381
2024-10-25,2838,1883,2513,1294
2024-10-26,2531,1752,2407,1209
2024-10-27,6846,1932,2627,1376
2024-10-28,4247,1941,2656,1431
2024-10-29,3275,1880,2293,1411
2024-10-30,2975,2006,2397,1436
2024-10-31,2662,1852,2121,1614
2024-11-01,2699,1784,2178,1455
2024-11-02,2581,1882,2457,1289
2024-11-03,2921,2065,2640,1498
2024-11-04,3373,2201,2623,1530
2024-11-05,2960,1863,2309,1462
2024-11-06,2831,1781,2008,1308
2024-11-07,3100,2072,2152,1344
2024-11-08,3243,2109,2314,1250
2024-11-09,2879,1975,2514,1150
2024-11-10,2943,1950,2483,4312
2024-11-11,3263,2093,2500,2990
2024-11-12,3328,2270,3290,1285
2024-11-13,3110,2029,2730,1298
2024-11-14,3261,1886,2473,1351
2024-11-15,3151,2053,2403,1494
2024-11-16,2772,1863,2319,1265
2024-11-17,3165,1970,2381,1318
2024-11-18,3594,2170,2720,1432
2024-11-19,3767,2191,2571,1351
2024-11-20,3451,2158,2571,1281
2024-11-21,4283,2134,2465,1379
2024-11-22,3188,1974,2381,1205
2024-11-23,2737,2190,2438,1179
2024-11-24,3107,2300,2702,1193
2024-11-25,3391,2250,2908,1399
2024-11-26,3134,2244,2851,1189
2024-11-27,2898,2004,2482,1064
2024-11-28,2987,1886,2404,1417
2024-11-29,2829,1859,2766,1059
2024-11-30,2806,2007,2475,1159
2024-12-01,3027,2099,2605,1400
2024-12-02,3071,2100,3083,2591
2024-12-03,3227,2013,2612,2449
2024-12-04,3703,1891,2479,1824
2024-12-05,4033,1982,2364,1367
2024-12-06,4103,2005,3893,1255
2024-12-07,3046,1909,2627,1132
2024-12-08,3012,2075,2462,1045
2024-12-09,3467,2137,2556,1150
2024-12-10,3381,2063,2387,1167
2024-12-11,3277,2067,2747,1164
2024-12-12,3458,2195,2601,1186
2024-12-13,3321,2074,2489,1330
2024-12-14,3205,2000,2387,1263
2024-12-15,3386,2159,2419,1208
2024-12-16,3649,2108,2477,1310
2024-12-17,3365,2077,2470,1235
2024-12-18,3994,2006,2535,1095
2024-12-19,5383,1869,2394,1377
2024-12-20,3385,1806,2444,1101
2024-12-21,3003,1731,2110,1037
2024-12-22,3310,1951,2276,1102
2024-12-23,3335,1748,2270,1059
2024-12-24,3231,1767,2445,1056
2024-12-25,3251,1815,2387,1139
2024-12-26,3072,1962,2514,1144
2024-12-27,3144,2126,2310,1225
2024-12-28,3073,2301,2405,1566
2024-12-29,2917,2634,2543,1502
2024-12-30,2903,2449,2294,1486
2024-12-31,2866,2110,2242,1385
2025-01-01,4213,2148,2440,1248
2025-01-02,3255,2235,2674,1201
2025-01-03,3007,2436,2619,1232
2025-01-04,3430,2230,3248,1285
2025-01-05,3225,2304,3042,1179
2025-01-06,3233,2262,2560,1205
2025-01-07,3659,2430,2761,1214
2025-01-08,3992,2455,2672,1190
2025-01-09,4110,2399,2427,1171
2025-01-10,3542,2194,2423,1203
2025-01-11,3195,2361,2354,1129
2025-01-12,3322,2318,2746,1490
2025-01-13,3780,2508,2825,1365
2025-01-14,3543,2394,2720,1213
2025-01-15,3743,2318,4417,1336
2025-01-16,3683,2312,3523,1416
2025-01-17,3516,2197,3069,1457
2025-01-18,3067,2056,2720,1412
2025-01-19,3372,2200,2658,1558
2025-01-20,3807,2942,2935,1466
2025-01-21,3898,2396,2691,1362
2025-01-22,4011,2328,2780,1283
2025-01-23,3935,2801,3196,1537
2025-01-24,3467,2322,2747,1332
2025-01-25,2686,2101,2690,1738
2025-01-26,3185,2401,2679,1603
2025-01-27,3519,2298,2821,1486
2025-01-28,3576,2324,2508,1446
2025-01-29,3353,2258,2453,1595
2025-01-30,3579,2272,2215,1650
2025-01-31,3259,1992,2210,1734
2025-02-01,2733,2470,2193,1429
2025-02-02,3040,2198,2544,1168
2025-02-03,3036,2487,2300,1134
2025-02-04,3214,2659,2408,1250
2025-02-05,3323,2558,2751,1241
2025-02-06,3180,2229,2803,1561
2025-02-07,2967,2580,2971,12845
2025-02-08,2382,2236,3171,18029
2025-02-09,2668,2685,2957,13213
2025-02-10,3136,2855,2648,10861
2025-02-11,3038,3001,2823,15267
2025-02-12,3111,3275,3136,19820
2025-02-13,3230,3412,3380,28028
2025-02-14,2755,3051,4136,30263
2025-02-15,2971,3001,3533,38444
2025-02-16,3621,2736,4737,34278
2025-02-17,3173,2856,3297,26988
2025-02-18,3070,3081,2999,18149
2025-02-19,2932,3402,2928,16194
2025-02-20,3005,3349,2748,13670
2025-02-21,2835,2868,2767,9516
2025-02-22,2411,2253,2429,8155
2025-02-23,2693,2464,2660,6971
2025-02-24,3222,2741,2988,6146
2025-02-25,3306,2496,2733,8707
2025-02-26,3051,2482,2476,12173
2025-02-27,6640,2374,2767,11315
2025-02-28,3736,2362,2437,8613
2025-03-01,3505,2024,2446,7285
2025-03-02,3850,4439,2795,6492
2025-03-03,3503,2288,2738,4574
2025-03-04,3450,2163,2766,3755
2025-03-05,3423,3807,2559,3166
2025-03-06,3327,4673,3472,3108
2025-03-07,3152,4984,2649,3111
2025-03-08,2395,2060,2542,2684
2025-03-09,2545,2170,2911,2509
2025-03-10,3451,3845,3200,2288
2025-03-11,2968,3863,2893,2130
2025-03-12,3247,3504,2774,2163
2025-03-13,2953,2735,2597,1975
2025-03-14,2810,2571,2570,2077
2025-03-15,2513,2242,2596,2049
2025-03-16,2431,2968,2657,2159
2025-03-17,2901,2970,2807,2420
2025-03-18,2783,2486,2702,1900
2025-03-19,2681,2412,2324,2055
2025-03-20,2632,2467,2511,1913
2025-03-21,2342,2888,2170,1674
2025-03-22,2098,2759,2194,1741
2025-03-23,2405,2403,2333,2036
2025-03-24,2785,2532,2264,1826
2025-03-25,2827,2461,2514,1513
2025-03-26,3126,3238,2474,1695
2025-03-27,3131,3043,2347,1579
2025-03-28,3245,2357,2247,1623
2025-03-29,2583,2132,2141,1460
2025-03-30,2649,2563,2532,1496
2025-03-31,2886,2403,2475,1624
2025-04-01,2821,2249,2291,1541
2025-04-02,2710,2141,2432,1356
2025-04-03,2935,2050,2300,1289
2025-04-04,2664,1943,2305,1312
2025-04-05,2274,1760,2144,3150
2025-04-06,2319,2007,2198,1643
2025-04-07,2813,2157,5266,1417
2025-04-08,3144,2021,2984,1312
2025-04-09,3001,1953,2550,1273
2025-04-10,2836,2217,2681,1303
2025-04-11,2556,2220,2701,1305
2025-04-12,2326,2020,2678,1363
2025-04-13,2562,2020,2640,1345
2025-04-14,2788,2433,2672,1444
2025-04-15,2833,2365,2526,1361
2025-04-16,2667,2416,2696,1547
2025-04-17,2452,2210,2500,1480
2025-04-18,2376,2182,2303,1366
2025-04-19,2333,2117,2472,1340
2025-04-20,2625,2281,3119,1537
2025-04-21,2519,2352,2712,1632
2025-04-22,2574,2773,2666,1473
2025-04-23,2841,2776,2519,1453
2025-04-24,3238,2440,2358,1570
2025-04-25,2770,2458,2154,2113
2025-04-26,2264,2071,2090,5065
2025-04-27,2500,2221,2701,9429
2025-04-28,3943,2371,3506,1923
2025-04-29,5124,2312,2525,1495
2025-04-30,4902,2356,2477,1422
2025-05-01,4260,2282,2715,1318
2025-05-02,3556,2250,2358,1342
2025-05-03,2853,1931,2349,1246
2025-05-04,3251,2101,2689,1345
2025-05-05,3651,3854,2752,1280
2025-05-06,3429,3060,2707,1432
2025-05-07,3225,2590,2480,1255
2025-05-08,3330,2421,2473,1301
2025-05-09,2836,2298,2288,1356
2025-05-10,2438,2121,1962,1365
2025-05-11,2524,2377,2216,1317
2025-05-12,3234,2678,2590,1564
2025-05-13,3247,2808,2636,1496
2025-05-14,3143,2845,2567,1558
2025-05-15,3276,2381,2334,1265
2025-05-16,2948,2491,2300,1159
2025-05-17,2398,2060,2160,1112
2025-05-18,2829,2347,2107,1211
2025-05-19,3164,2604,2579,1346
2025-05-20,2893,2446,2458,1185
2025-05-21,3139,2485,2211,1187
2025-05-22,3055,2356,2171,1202
2025-05-23,2724,2178,2176,1019
2025-05-24,2493,2161,2100,1023
2025-05-25,3497,2379,2270,1185
2025-05-26,2851,2642,2271,1179
2025-05-27,2867,2678,2362,1308
2025-05-28,2959,2441,2287,1328
2025-05-29,2600,2434,2126,1470
2025-05-30,2497,2681,1982,1265
2025-05-31,2302,2084,2415,1102
2025-06-01,2393,2193,2048,1080
2025-06-02,2556,2602,2271,1194
2025-06-03,2666,2314,2114,1482
2025-06-04,2638,2360,1998,1635
2025-06-05,2518,2252,2068,1598
2025-06-06,2466,2175,1904,1501
2025-06-07,2219,2221,1983,1332
2025-06-08,2482,2500,2586,1367
2025-06-09,2634,2550,2639,1338
2025-06-10,2703,2456,2187,1298
2025-06-11,2499,2232,2023,1217
2025-06-12,2260,2686,2114,1104
2025-06-13,2165,3981,2366,949
2025-06-14,2247,4310,2589,1075
2025-06-15,2859,3413,3169,1109
2025-06-16,2430,2943,3109,1234
2025-06-17,2308,2621,2478,1193
2025-06-18,2178,2962,2624,985
2025-06-19,2132,3203,2377,1042
2025-06-20,2180,8104,2321,1072
2025-06-21,1998,5471,4132,1082
2025-06-22,1986,3859,2394,1001
2025-06-23,2162,3504,2359,1035
2025-06-24,2290,2931,2055,1042
2025-06-25,2388,3081,2194,1027
2025-06-26,2234,2819,2173,1421
2025-06-27,1962,2590,2113,1177
2025-06-28,1977,3079,2209,1220
2025-06-29,2115,2864,2375,1345
2025-06-30,2298,3376,2027,1138
2025-07-01,2142,3519,2037,1128
2025-07-02,2064,3019,1946,981
2025-07-03,2350,2934,2068,1808
2025-07-04,2132,3424,2142,1188
2025-07-05,1989,3894,2364,1324
2025-07-06,2553,4533,2788,1364
2025-07-07,2275,3962,2689,1176
2025-07-08,2420,3527,2659,1089
2025-07-09,2289,4234,2548,1318
2025-07-10,2362,3390,2212,1201
2025-07-11,2405,3218,2366,1155
2025-07-12,2553,3570,2314,1157
2025-07-13,2581,3913,2651,1190
2025-07-14,2243,4296,2821,1084
2025-07-15,2313,3720,2730,1055
2025-07-16,2301,3564,2453,1066
2025-07-17,2181,3319,2501,1029
2025-07-18,2081,3349,2295,1012
2025-07-19,2213,3511,2496,1053
2025-07-20,2376,4202,2817,1105
2025-07-21,2329,5328,2985,1164
2025-07-22,2291,4659,2695,1113
2025-07-23,2296,4373,4633,1046
2025-07-24,2273,3953,2864,1482
2025-07-25,2203,4721,2731,1496
2025-07-26,2259,4921,2769,1611
2025-07-27,2418,4223,2856,1758
2025-07-28,2645,3889,2643,1443
2025-07-29,2565,3314,3069,1208
2025-07-30,2349,3065,3419,1210
2025-07-31,2455,2924,3058,1356
2025-08-01,2195,2908,2642,1303
2025-08-02,2523,4117,2702,1197
2025-08-03,3084,3795,3435,1197
2025-08-04,2679,3873,3357,1167
2025-08-05,2531,3022,3432,1135
2025-08-06,2824,2671,4029,1422
2025-08-07,2488,2518,3659,1399
2025-08-08,2371,2406,3416,1462
2025-08-09,2385,2602,3573,1076
2025-08-10,2419,2882,3967,1139
2025-08-11,2617,3230,3523,1201
2025-08-12,2491,2824,3351,1216
2025-08-13,2423,4082,3694,1184
2025-08-14,2379,2959,3182,1189
2025-08-15,2474,2591,2834,1086
2025-08-16,2499,2682,3035,952
2025-08-17,2889,2750,3210,1130
2025-08-18,2813,2816,2914,1123
2025-08-19,2601,2431,3008,1262
2025-08-20,2667,2357,2609,1217
2025-08-21,2981,2467,2683,1097
2025-08-22,3095,2432,2567,1064
2025-08-23,2761,2238,2605,1062
2025-08-24,2957,2683,3292,1176
2025-08-25,2837,2630,2572,1082
2025-08-26,2684,2377,2672,1179
2025-08-27,2449,2380,2575,1119
2025-08-28,2514,2426,2582,1206
2025-08-29,2484,2544,2529,1127
2025-08-30,2328,2992,2663,989
2025-08-31,2632,3577,2697,1012
2025-09-01,2605,3057,3108,1169
2025-09-02,2909,2675,2773,1059
2025-09-03,2492,2416,2580,1131
2025-09-04,2797,2522,2404,1077
2025-09-05,2513,2132,2309,1020
2025-09-06,2320,3444,2458,975
2025-09-07,2516,4088,2423,1024
2025-09-08,2674,3313,2430,1122
2025-09-09,2446,2619,2286,1029
2025-09-10,2613,2269,2246,1028
2025-09-11,2419,1949,1988,973
2025-09-12,2211,1936,2021,985
2025-09-13,1919,1931,2177,947
2025-09-14,2266,1956,2217,1298
2025-09-15,2560,2271,2302,2968
2025-09-16,2611,2032,2390,1163
2025-09-17,2764,1985,2671,1036
2025-09-18,2646,1939,2407,1056
2025-09-19,2588,1913,2049,1008
2025-09-20,2338,2002,2259,1023
2025-09-21,2383,2010,2313,1025
2025-09-22,2810,2033,2335,1782
2025-09-23,6619,1995,2391,1389
2025-09-24,3415,1924,2366,1028
2025-09-25,3476,2493,2408,1264
2025-09-26,3603,2494,2406,1445
2025-09-27,3280,1916,2373,1202
2025-09-28,3064,1866,2421,1938
2025-09-29,3095,2019,2123,2181
2025-09-30,2824,2032,2095,4709
2025-10-01,2874,1866,2140,2014
2025-10-02,2645,1792,2064,1363
2025-10-03,2528,1779,2098,1131
2025-10-04,2487,2390,2161,1160
2025-10-05,2584,1721,2386,1165
2025-10-06,2704,1928,2465,1074
2025-10-07,2607,1933,2549,1174
2025-10-08,2566,1984,2167,1150
2025-10-09,2666,1996,2126,1103
2025-10-10,2525,2674,2119,996
2025-10-11,2244,1971,2117,983
2025-10-12,2416,2234,2291,1071
2025-10-13,2475,2130,2179,1087
2025-10-14,2929,1833,2311,965
2025-10-15,2605,1949,2275,1051
2025-10-16,2954,1779,2119,1108
2025-10-17,2528,1696,2092,1414
2025-10-18,2125,1516,2771,1068
2025-10-19,2241,1697,2687,1175
2025-10-20,2739,1908,2422,1461
2025-10-21,2619,1879,2431,1278
2025-10-22,2599,1856,2256,1267
2025-10-23,2445,1909,2222,1242
2025-10-24,2264,1739,2067,1060
2025-10-25,2026,1587,2127,1314
2025-10-26,2557,1720,2086,1243
2025-10-27,2890,1824,2426,1085
2025-10-28,2556,1762,2216,1089
2025-10-29,2618,1676,1914,1087
2025-10-30,2410,1608,1792,1096
2025-10-31,2091,1492,1732,1124
2025-11-01,1910,1421,1950,983
2025-11-02,2423,1622,2015,984
2025-11-03,2503,1974,2197,1035
2025-11-04,2487,1903,2095,1248
2025-11-05,2767,1735,2109,1482
2025-11-06,2741,1907,2102,1608
2025-11-07,6139,1726,2133,1746
2025-11-08,3315,1641,2204,1831
2025-11-09,2626,1827,2292,1601
2025-11-10,3048,1964,2222,1301
2025-11-11,2875,1952,1997,1190
2025-11-12,3023,1780,2188,1343
2025-11-13,2936,2068,2141,1163
2025-11-14,2732,1935,1982,1146
2025-11-15,2342,1673,2024,1115
2025-11-16,2597,1777,2202,1196
2025-11-17,2760,1919,2493,1259
2025-11-18,3117,1826,2409,1229
2025-11-19,3149,1854,2215,1201
2025-11-20,2915,1852,2488,1181
2025-11-21,2973,1565,2321,1202
2025-11-22,2624,1390,2348,1061
2025-11-23,3024,1645,2425,1103
2025-11-24,2965,1650,2238,1248
2025-11-25,2841,1653,2172,1128
2025-11-26,2826,1789,2341,1182
2025-11-27,2836,2455,2271,1317
2025-11-28,2752,2069,2340,1020
2025-11-29,2479,1882,2404,1034
2025-11-30,2713,1768,2224,1119
2025-12-01,3730,1844,2177,1307
2025-12-02,3205,1787,2144,1120
2025-12-03,3075,1816,2368,1029
2025-12-04,2950,1773,2377,1187
2025-12-05,4058,1673,2120,1076
2025-12-06,3455,1412,2619,1077
2025-12-07,3125,1528,3232,977
2025-12-08,3348,1639,2419,1705
2025-12-09,3114,1772,2282,1100
2025-12-10,3062,1715,2228,1037
2025-12-11,3090,1729,2562,1052
2025-12-12,2959,1584,2073,1065
2025-12-13,2561,1580,1964,1103
2025-12-14,2945,1652,2103,1071
2025-12-15,3711,1674,2110,993
2025-12-16,3088,1597,1979,1000
2025-12-17,3577,1938,1927,1076
2025-12-18,3195,1674,1959,1072
2025-12-19,2586,1511,2076,982
2025-12-20,2360,1604,1859,1050
2025-12-21,2525,1553,2165,1628
2025-12-22,2719,1666,2153,1604
2025-12-23,2531,1750,2020,1020
2025-12-24,2547,1590,1926,931
2025-12-25,2476,2425,1992,1040
2025-12-26,2539,2147,2060,1106
2025-12-27,2715,2006,2088,1089
2025-12-28,2820,1922,2146,1057
2025-12-29,2893,2044,2284,1164
2025-12-30,2818,3738,2482,1017
2025-12-31,2602,2557,2145,980
2026-01-01,2585,2001,2144,1020
2026-01-02,2631,1959,2584,1239
2026-01-03,2644,1886,2676,1291
2026-01-04,3017,1798,2367,1305
2026-01-05,3164,1793,2176,1257
2026-01-06,3302,1858,2137,1148
2026-01-07,3305,1831,2378,981
2026-01-08,3333,1806,2330,1027
2026-01-09,3397,1997,2255,1020
2026-01-10,2963,1936,2554,1106
2026-01-11,3270,2077,2387,1143
2026-01-12,3539,2045,2391,1148
2026-01-13,3517,2133,2347,1136
2026-01-14,3553,2000,2417,1163
2026-01-15,3481,1896,2478,1129
2026-01-16,3516,1849,2397,986
2026-01-17,3200,1957,2444,1041
2026-01-18,3371,2149,2517,1274
2026-01-19,3404,3133,2595,1071
2026-01-20,3660,3546,2446,1399
2026-01-21,3985,3046,2289,1121
2026-01-22,3834,2648,2239,1068
2026-01-23,3453,2284,2216,1094
2026-01-24,3722,3042,2128,1151
2026-01-25,3335,3195,2856,1123
2026-01-26,3396,2264,2475,1096
2026-01-27,3768,2198,2375,1080
2026-01-28,3450,1928,2179,1030
2026-01-29,3906,1988,2347,972
2026-01-30,3612,2151,2579,1096
2026-01-31,3026,1968,2705,1336
2026-02-01,3032,1873,2415,1369
2026-02-02,3227,2170,2271,1232
2026-02-03,3353,1977,2479,1236
2026-02-04,3173,2335,2342,1441
2026-02-05,3150,2236,2262,1270
2026-02-06,3280,1890,2199,1327
2026-02-07,2574,1721,2203,1250
2026-02-08,2660,1794,2312,1222
2026-02-09,2913,1938,2606,1254
2026-02-10,2801,2106,2247,1142
2026-02-11,2872,2267,2560,1219
2026-02-12,2866,2107,2224,1224
2026-02-13,2598,1933,2290,1215
2026-02-14,2273,1752,2266,1111
2026-02-15,2493,1684,2460,1241
2026-02-16,2531,1770,2437,1208
2026-02-17,2701,1923,2183,1053
2026-02-18,2510,2139,2216,1125
2026-02-19,2549,2131,2196,1174
