Date,"Anglerfish","Taylor Swift"
2023-01-01,1535,29705
2023-01-02,1409,25766
2023-01-03,1232,24682
2023-01-04,1193,21214
2023-01-05,1288,22873
2023-01-06,1220,22958
2023-01-07,1267,24937
2023-01-08,1239,29436
2023-01-09,1127,22164
2023-01-10,1223,25930
2023-01-11,1296,22099
2023-01-12,1349,21840
2023-01-13,1373,26848
2023-01-14,1222,25927
2023-01-15,1239,24798
2023-01-16,1608,22685
2023-01-17,1285,25180
2023-01-18,1429,23066
2023-01-19,1363,22679
2023-01-20,1356,22254
2023-01-21,1303,24387
2023-01-22,1444,24182
2023-01-23,1295,21712
2023-01-24,1241,26468
2023-01-25,1256,26686
2023-01-26,1267,24864
2023-01-27,1250,32671
2023-01-28,1353,30974
2023-01-29,1281,29933
2023-01-30,1348,25168
2023-01-31,1342,23685
2023-02-01,1455,27422
2023-02-02,1493,29332
2023-02-03,1762,29455
2023-02-04,1789,28026
2023-02-05,1787,33259
2023-02-06,1672,80064
2023-02-07,1460,43915
2023-02-08,1464,32818
2023-02-09,1469,30689
2023-02-10,1328,28784
2023-02-11,1401,35415
2023-02-12,1417,32456
2023-02-13,1324,30877
2023-02-14,1489,28729
2023-02-15,1284,28369
2023-02-16,1439,27249
2023-02-17,1385,25687
2023-02-18,1422,26226
2023-02-19,1697,24008
2023-02-20,1515,22231
2023-02-21,1825,21880
2023-02-22,2056,21213
2023-02-23,1770,21604
2023-02-24,1520,22303
2023-02-25,1503,25208
2023-02-26,1636,26087
2023-02-27,1530,23185
2023-02-28,1511,22634
2023-03-01,1532,21810
2023-03-02,1686,22871
2023-03-03,1576,25019
2023-03-04,1461,25052
2023-03-05,1712,25988
2023-03-06,1514,22946
2023-03-07,1635,23044
2023-03-08,1500,23080
2023-03-09,1405,22826
2023-03-10,1343,24978
2023-03-11,1343,25376
2023-03-12,1632,25124
2023-03-13,1734,23665
2023-03-14,1551,23773
2023-03-15,1390,24535
2023-03-16,1997,29332
2023-03-17,1549,53756
2023-03-18,1510,79805
2023-03-19,1870,77980
2023-03-20,1777,63858
2023-03-21,1658,52466
2023-03-22,1669,46679
2023-03-23,1746,42576
2023-03-24,1731,39666
2023-03-25,1698,45601
2023-03-26,1636,47883
2023-03-27,1569,41700
2023-03-28,1513,48788
2023-03-29,6369,37022
2023-03-30,2448,35083
2023-03-31,1776,34871
2023-04-01,1664,41730
2023-04-02,1588,44082
2023-04-03,1845,43073
2023-04-04,1688,35022
2023-04-05,1417,31925
2023-04-06,1358,31366
2023-04-07,1404,32267
2023-04-08,1367,37391
2023-04-09,1347,151953
2023-04-10,1676,82927
2023-04-11,1607,61461
2023-04-12,1512,45130
2023-04-13,1469,41516
2023-04-14,1354,44387
2023-04-15,1293,45056
2023-04-16,1358,45192
2023-04-17,1459,36999
2023-04-18,1375,32589
2023-04-19,1475,40362
2023-04-20,1467,40265
2023-04-21,1488,41568
2023-04-22,1459,46164
2023-04-23,1684,47533
2023-04-24,1479,43582
2023-04-25,1520,38587
2023-04-26,1511,34103
2023-04-27,1337,37603
2023-04-28,1496,38672
2023-04-29,1479,40616
2023-04-30,1503,44421
2023-05-01,1546,41905
2023-05-02,1533,37989
2023-05-03,1464,35218
2023-05-04,1535,45836
2023-05-05,1439,45491
2023-05-06,1331,88356
2023-05-07,1389,68356
2023-05-08,1578,68456
2023-05-09,1506,66731
2023-05-10,1477,46087
2023-05-11,1539,46377
2023-05-12,1612,51609
2023-05-13,2578,86141
2023-05-14,1561,74153
2023-05-15,1717,66144
2023-05-16,1820,62457
2023-05-17,1531,53527
2023-05-18,1460,45861
2023-05-19,1494,47598
2023-05-20,1699,51277
2023-05-21,1599,53054
2023-05-22,1415,50768
2023-05-23,1530,46760
2023-05-24,1440,44135
2023-05-25,1370,45707
2023-05-26,1400,51611
2023-05-27,1277,63804
2023-05-28,1452,59793
2023-05-29,1401,58214
2023-05-30,1329,48967
2023-05-31,1614,42610
2023-06-01,1529,42746
2023-06-02,2610,47566
2023-06-03,1295,53090
2023-06-04,1424,55272
2023-06-05,1385,67743
2023-06-06,1357,70909
2023-06-07,1375,56314
2023-06-08,1416,48506
2023-06-09,1433,51795
2023-06-10,1415,55221
2023-06-11,1579,50584
2023-06-12,1520,43962
2023-06-13,1434,37816
2023-06-14,1898,36104
2023-06-15,1725,37680
2023-06-16,1462,40652
2023-06-17,1420,47894
2023-06-18,1459,52734
2023-06-19,1398,46296
2023-06-20,2592,57426
2023-06-21,5371,66077
2023-06-22,8117,50924
2023-06-23,8041,51902
2023-06-24,5003,55494
2023-06-25,4008,63535
2023-06-26,3174,56500
2023-06-27,3105,52869
2023-06-28,2869,70480
2023-06-29,2834,59517
2023-06-30,2373,74734
2023-07-01,2328,75048
2023-07-02,3145,67935
2023-07-03,3069,61329
2023-07-04,2456,59953
2023-07-05,2018,69098
2023-07-06,1951,69795
2023-07-07,1795,157758
2023-07-08,1879,141966
2023-07-09,1895,117310
2023-07-10,1880,94704
2023-07-11,1655,82365
2023-07-12,1715,77849
2023-07-13,1574,71355
2023-07-14,1692,68220
2023-07-15,1791,74060
2023-07-16,1704,72333
2023-07-17,2090,69245
2023-07-18,1714,70361
2023-07-19,1585,61087
2023-07-20,1468,54604
2023-07-21,1403,52812
2023-07-22,1616,61206
2023-07-23,1973,61844
2023-07-24,2045,59822
2023-07-25,1891,50578
2023-07-26,1636,49655
2023-07-27,1563,52820
2023-07-28,1689,59840
2023-07-29,1487,81361
2023-07-30,1552,70251
2023-07-31,1468,53738
2023-08-01,1245,49441
2023-08-02,1295,57005
2023-08-03,1353,76187
2023-08-04,1257,94917
2023-08-05,1463,88072
2023-08-06,1503,88161
2023-08-07,1321,76591
2023-08-08,1305,68535
2023-08-09,1341,76088
2023-08-10,1247,149953
2023-08-11,1347,102326
2023-08-12,1310,84933
2023-08-13,1413,78958
2023-08-14,1379,66897
2023-08-15,1286,60394
2023-08-16,1360,55896
2023-08-17,1273,54984
2023-08-18,1222,54716
2023-08-19,1213,59082
2023-08-20,1261,59808
2023-08-21,1904,53982
2023-08-22,1624,55434
2023-08-23,1532,53151
2023-08-24,2051,49719
2023-08-25,2262,51970
2023-08-26,1704,54488
2023-08-27,1421,55845
2023-08-28,1351,48369
2023-08-29,1300,45353
2023-08-30,1180,42172
2023-08-31,1317,51222
2023-09-01,1272,60173
2023-09-02,1201,55240
2023-09-03,1416,51202
2023-09-04,1293,50097
2023-09-05,1286,41781
2023-09-06,1259,38861
2023-09-07,1432,37563
2023-09-08,1241,43037
2023-09-09,1331,38701
2023-09-10,1227,37540
2023-09-11,1325,34055
2023-09-12,1242,40038
2023-09-13,1159,90176
2023-09-14,1249,79851
2023-09-15,1160,79577
2023-09-16,1226,69255
2023-09-17,1273,67618
2023-09-18,1269,58324
2023-09-19,1272,188263
2023-09-20,1241,223877
2023-09-21,1276,90157
2023-09-22,1272,70574
2023-09-23,1517,60062
2023-09-24,1437,177108
2023-09-25,1256,322015
2023-09-26,1188,244938
2023-09-27,1302,160595
2023-09-28,1322,126406
2023-09-29,1144,110485
2023-09-30,1323,93326
2023-10-01,1424,110653
2023-10-02,1423,278257
2023-10-03,1300,120892
2023-10-04,1365,82615
2023-10-05,1212,72194
2023-10-06,1237,76700
2023-10-07,1105,71505
2023-10-08,1273,80755
2023-10-09,1298,61223
2023-10-10,1356,50258
2023-10-11,1799,44999
2023-10-12,1660,69620
2023-10-13,1339,119232
2023-10-14,1362,116374
2023-10-15,1233,139783
2023-10-16,1266,122040
2023-10-17,1195,92614
2023-10-18,1409,73543
2023-10-19,1722,77211
2023-10-20,2254,80271
2023-10-21,2375,88518
2023-10-22,1681,138378
2023-10-23,1878,132287
2023-10-24,2054,100914
2023-10-25,1747,77702
2023-10-26,2034,72033
2023-10-27,2087,179892
2023-10-28,1841,144234
2023-10-29,1881,116234
2023-10-30,1706,89824
2023-10-31,2201,72409
2023-11-01,2687,64155
2023-11-02,2380,65637
2023-11-03,2516,73541
2023-11-04,1907,79602
2023-11-05,1696,82474
2023-11-06,1599,70200
2023-11-07,1488,58759
2023-11-08,1466,57910
2023-11-09,1603,59064
2023-11-10,1755,73652
2023-11-11,1676,81979
2023-11-12,1964,144281
2023-11-13,1710,130878
2023-11-14,1611,95377
2023-11-15,1562,82020
2023-11-16,1510,81662
2023-11-17,1646,71438
2023-11-18,1599,82774
2023-11-19,1659,87509
2023-11-20,1566,84572
2023-11-21,1423,114160
2023-11-22,1373,73504
2023-11-23,1590,62925
2023-11-24,1395,55489
2023-11-25,1369,53696
2023-11-26,1379,55566
2023-11-27,1447,58658
2023-11-28,1375,48544
2023-11-29,1426,52584
2023-11-30,1405,56510
2023-12-01,1294,53555
2023-12-02,1475,50917
2023-12-03,1436,51370
2023-12-04,1480,65344
2023-12-05,1697,45351
2023-12-06,1337,96668
2023-12-07,1411,104678
2023-12-08,1322,93541
2023-12-09,2141,71082
2023-12-10,3056,73870
2023-12-11,1901,66467
2023-12-12,1572,66591
2023-12-13,1629,111081
2023-12-14,1385,90774
2023-12-15,1260,64986
2023-12-16,1188,61109
2023-12-17,1196,73048
2023-12-18,1320,65756
2023-12-19,1168,51860
2023-12-20,1227,46487
2023-12-21,1100,43758
2023-12-22,1080,45100
2023-12-23,1104,48954
2023-12-24,1254,49328
2023-12-25,1409,74355
2023-12-26,1618,64659
2023-12-27,1543,55804
2023-12-28,1417,55987
2023-12-29,1298,55825
2023-12-30,1701,59504
2023-12-31,2260,65154
2024-01-01,1482,73100
2024-01-02,1410,55352
2024-01-03,1384,45764
2024-01-04,1424,40955
2024-01-05,1454,42124
2024-01-06,1584,45223
2024-01-07,1509,47330
2024-01-08,1421,59031
2024-01-09,1487,53653
2024-01-10,1630,46818
2024-01-11,1747,45235
2024-01-12,1747,45454
2024-01-13,1788,46886
2024-01-14,1837,91494
2024-01-15,1521,53862
2024-01-16,1514,57270
2024-01-17,1684,44314
2024-01-18,1705,38149
2024-01-19,1484,38244
2024-01-20,1462,41288
2024-01-21,1516,51949
2024-01-22,1586,113209
2024-01-23,1546,55357
2024-01-24,1657,46553
2024-01-25,1490,47395
2024-01-26,1465,49763
2024-01-27,1467,58993
2024-01-28,1465,127920
2024-01-29,1505,169544
2024-01-30,1566,136310
2024-01-31,1642,123017
2024-02-01,1689,104067
2024-02-02,1870,92917
2024-02-03,1793,94886
2024-02-04,1777,101950
2024-02-05,1754,395411
2024-02-06,1660,205843
2024-02-07,1643,162809
2024-02-08,1711,131668
2024-02-09,1774,123709
2024-02-10,1654,142218
2024-02-11,1647,253961
2024-02-12,1455,699660
2024-02-13,1486,276835
2024-02-14,1527,169813
2024-02-15,1432,145476
2024-02-16,1365,146622
2024-02-17,1324,147702
2024-02-18,1625,128099
2024-02-19,1525,106192
2024-02-20,1513,82892
2024-02-21,1533,75478
2024-02-22,1492,71825
2024-02-23,1475,84727
2024-02-24,1593,83513
2024-02-25,1674,76068
2024-02-26,1769,64904
2024-02-27,1611,76603
2024-02-28,1584,58655
2024-02-29,1528,56010
2024-03-01,1521,58249
2024-03-02,1461,76813
2024-03-03,1436,88012
2024-03-04,1551,83499
2024-03-05,1655,76104
2024-03-06,1550,66175
2024-03-07,1592,57573
2024-03-08,1418,58269
2024-03-09,1291,60793
2024-03-10,1512,60912
2024-03-11,3891,51079
2024-03-12,3456,45194
2024-03-13,2010,45488
2024-03-14,1651,43920
2024-03-15,2385,83195
2024-03-16,2268,97005
2024-03-17,2018,93102
2024-03-18,1961,61904
2024-03-19,1464,53894
2024-03-20,1644,48715
2024-03-21,1728,47810
2024-03-22,1790,48211
2024-03-23,1692,55738
2024-03-24,1860,57329
2024-03-25,1546,47281
2024-03-26,1516,42842
2024-03-27,1467,41479
2024-03-28,1689,42012
2024-03-29,1515,43258
2024-03-30,1421,44124
2024-03-31,6003,46020
2024-04-01,2582,42216
2024-04-02,1777,47638
2024-04-03,1473,49433
2024-04-04,1713,39451
2024-04-05,2163,38568
2024-04-06,2487,44273
2024-04-07,2420,41905
2024-04-08,1941,34635
2024-04-09,2229,33663
2024-04-10,1891,35129
2024-04-11,1735,33845
2024-04-12,1782,35042
2024-04-13,1740,34373
2024-04-14,1725,36552
2024-04-15,1951,34308
2024-04-16,1805,34889
2024-04-17,2151,39991
2024-04-18,2198,57112
2024-04-19,2162,230971
2024-04-20,2103,169418
2024-04-21,2167,109815
2024-04-22,2122,97471
2024-04-23,2179,81797
2024-04-24,2108,66467
2024-04-25,2006,58985
2024-04-26,1995,54417
2024-04-27,1775,72585
2024-04-28,1986,63151
2024-04-29,1888,50893
2024-04-30,1836,44554
2024-05-01,1909,39412
2024-05-02,1871,37954
2024-05-03,1767,36726
2024-05-04,1646,35937
2024-05-05,2456,37063
2024-05-06,2131,34604
2024-05-07,2107,31467
2024-05-08,2101,32273
2024-05-09,2104,38161
2024-05-10,1860,40619
2024-05-11,1675,37131
2024-05-12,1924,36898
2024-05-13,1857,38267
2024-05-14,1512,34435
2024-05-15,1650,35208
2024-05-16,1641,38122
2024-05-17,1759,45243
2024-05-18,2117,43857
2024-05-19,3229,40105
2024-05-20,4413,37940
2024-05-21,7081,38322
2024-05-22,4048,33714
2024-05-23,2844,32233
2024-05-24,1913,35164
2024-05-25,1689,34882
2024-05-26,1888,35930
2024-05-27,2070,35578
2024-05-28,2142,33286
2024-05-29,1619,35144
2024-05-30,1786,35408
2024-05-31,2528,33356
2024-06-01,1692,33330
2024-06-02,1563,34872
2024-06-03,1634,31036
2024-06-04,1680,31059
2024-06-05,1956,29868
2024-06-06,1487,31481
2024-06-07,1634,58187
2024-06-08,2495,66349
2024-06-09,2913,53727
2024-06-10,2669,44299
2024-06-11,2036,36635
2024-06-12,1586,35465
2024-06-13,1739,43264
2024-06-14,1526,45408
2024-06-15,1440,44150
2024-06-16,1548,44563
2024-06-17,1518,36988
2024-06-18,1272,36783
2024-06-19,1273,35664
2024-06-20,1213,34581
2024-06-21,1139,40271
2024-06-22,1154,67175
2024-06-23,2074,67597
2024-06-24,4843,69918
2024-06-25,1375,51520
2024-06-26,1421,44281
2024-06-27,1409,42561
2024-06-28,1346,43891
2024-06-29,1324,46918
2024-06-30,1298,44916
2024-07-01,1398,40203
2024-07-02,1205,33355
2024-07-03,1503,32061
2024-07-04,1262,35435
2024-07-05,1163,33456
2024-07-06,1274,54711
2024-07-07,1341,38458
2024-07-08,1295,34220
2024-07-09,1300,32252
2024-07-10,1373,31704
2024-07-11,1439,29760
2024-07-12,1486,30345
2024-07-13,1400,35642
2024-07-14,1282,31830
2024-07-15,1113,28666
2024-07-16,1180,29123
2024-07-17,1313,31005
2024-07-18,1314,29023
2024-07-19,1319,27202
2024-07-20,1433,28828
2024-07-21,1577,28801
2024-07-22,1429,26173
2024-07-23,1781,27462
2024-07-24,1393,28715
2024-07-25,1525,31896
2024-07-26,1320,27741
2024-07-27,1199,28230
2024-07-28,1305,29584
2024-07-29,1294,28780
2024-07-30,1260,32247
2024-07-31,1201,26180
2024-08-01,1122,26409
2024-08-02,1133,27346
2024-08-03,1257,27405
2024-08-04,1260,26195
2024-08-05,1170,25061
2024-08-06,1258,23597
2024-08-07,1154,33549
2024-08-08,1518,57129
2024-08-09,1352,39237
2024-08-10,1572,31471
2024-08-11,2812,29366
2024-08-12,6324,26359
2024-08-13,3451,25491
2024-08-14,3236,27104
2024-08-15,2747,38278
2024-08-16,2735,40195
2024-08-17,2326,36364
2024-08-18,2077,35970
2024-08-19,1819,36003
2024-08-20,1659,41939
2024-08-21,1418,52166
2024-08-22,1486,40748
2024-08-23,1409,33889
2024-08-24,1344,32036
2024-08-25,1342,31453
2024-08-26,1410,28774
2024-08-27,1286,26321
2024-08-28,1201,25834
2024-08-29,1310,25836
2024-08-30,1308,24236
2024-08-31,1244,24244
2024-09-01,1305,24755
2024-09-02,1271,24441
2024-09-03,1387,21916
2024-09-04,1275,22218
2024-09-05,1251,25476
2024-09-06,1248,44822
2024-09-07,1263,28446
2024-09-08,1241,33223
2024-09-09,1831,34286
2024-09-10,1598,27284
2024-09-11,1262,111590
2024-09-12,1365,101974
2024-09-13,1346,57346
2024-09-14,1233,46514
2024-09-15,1314,57604
2024-09-16,1347,49512
2024-09-17,1329,37412
2024-09-18,1283,31733
2024-09-19,1383,27957
2024-09-20,1367,26921
2024-09-21,1291,26519
2024-09-22,1408,26686
2024-09-23,1320,29390
2024-09-24,1382,23332
2024-09-25,1360,23248
2024-09-26,1620,22155
2024-09-27,1470,21370
2024-09-28,1312,21476
2024-09-29,1242,24614
2024-09-30,1425,22476
2024-10-01,1274,20845
2024-10-02,1640,20856
2024-10-03,2537,20808
2024-10-04,2322,21274
2024-10-05,2241,22386
2024-10-06,1866,24441
2024-10-07,1781,23624
2024-10-08,1581,37632
2024-10-09,1574,25579
2024-10-10,1449,24650
2024-10-11,1458,23626
2024-10-12,1423,22334
2024-10-13,1415,23346
2024-10-14,1343,21701
2024-10-15,1399,29334
2024-10-16,1465,24105
2024-10-17,1417,23815
2024-10-18,1396,26125
2024-10-19,1374,32855
2024-10-20,1533,31208
2024-10-21,1547,28374
2024-10-22,1487,24279
2024-10-23,1336,23391
2024-10-24,1381,23309
2024-10-25,1294,24543
2024-10-26,1209,26286
2024-10-27,1376,28760
2024-10-28,1431,27288
2024-10-29,1411,23984
2024-10-30,1436,23792
2024-10-31,1614,24410
2024-11-01,1455,25046
2024-11-02,1289,31956
2024-11-03,1498,31033
2024-11-04,1530,28386
2024-11-05,1462,35445
2024-11-06,1308,24310
2024-11-07,1344,22946
2024-11-08,1250,24622
2024-11-09,1150,25257
2024-11-10,4312,29037
2024-11-11,2990,28959
2024-11-12,1285,27031
2024-11-13,1298,27708
2024-11-14,1351,53420
2024-11-15,1494,50114
2024-11-16,1265,42674
2024-11-17,1318,41186
2024-11-18,1432,35271
2024-11-19,1351,24673
2024-11-20,1281,22792
2024-11-21,1379,24454
2024-11-22,1205,26373
2024-11-23,1179,29082
2024-11-24,1193,32391
2024-11-25,1399,26489
2024-11-26,1189,26196
2024-11-27,1064,24469
2024-11-28,1417,24551
2024-11-29,1059,29136
2024-11-30,1159,28075
2024-12-01,1400,25115
2024-12-02,2591,23567
2024-12-03,2449,23034
2024-12-04,1824,25582
2024-12-05,1367,25806
2024-12-06,1255,30235
2024-12-07,1132,37101
2024-12-08,1045,56330
2024-12-09,1150,74349
2024-12-10,1167,42546
2024-12-11,1164,33266
2024-12-12,1186,36005
2024-12-13,1330,89363
2024-12-14,1263,52020
2024-12-15,1208,34412
2024-12-16,1310,26006
2024-12-17,1235,21700
2024-12-18,1095,22674
2024-12-19,1377,22841
2024-12-20,1101,24720
2024-12-21,1037,26336
2024-12-22,1102,23270
2024-12-23,1059,21107
2024-12-24,1056,20860
2024-12-25,1139,30431
2024-12-26,1144,23965
2024-12-27,1225,23050
2024-12-28,1566,27707
2024-12-29,1502,22963
2024-12-30,1486,21378
2024-12-31,1385,23008
2025-01-01,1248,25517
2025-01-02,1201,21438
2025-01-03,1232,22201
2025-01-04,1285,21149
2025-01-05,1179,22915
2025-01-06,1205,20917
2025-01-07,1214,19254
2025-01-08,1190,18436
2025-01-09,1171,18029
2025-01-10,1203,17703
2025-01-11,1129,19072
2025-01-12,1490,19131
2025-01-13,1365,18278
2025-01-14,1213,19290
2025-01-15,1336,20056
2025-01-16,1416,20077
2025-01-17,1457,21007
2025-01-18,1412,32276
2025-01-19,1558,35577
2025-01-20,1466,24537
2025-01-21,1362,23896
2025-01-22,1283,20257
2025-01-23,1537,21897
2025-01-24,1332,30728
2025-01-25,1738,34902
2025-01-26,1603,31859
2025-01-27,1486,60265
2025-01-28,1446,28198
2025-01-29,1595,24890
2025-01-30,1650,23642
2025-01-31,1734,24380
2025-02-01,1429,24534
2025-02-02,1168,29352
2025-02-03,1134,79192
2025-02-04,1250,40210
2025-02-05,1241,35137
2025-02-06,1561,31383
2025-02-07,12845,33345
2025-02-08,18029,31785
2025-02-09,13213,59194
2025-02-10,10861,155171
2025-02-11,15267,58823
2025-02-12,19820,39878
2025-02-13,28028,33024
2025-02-14,30263,28543
2025-02-15,38444,28869
2025-02-16,34278,24995
2025-02-17,26988,21267
2025-02-18,18149,18305
2025-02-19,16194,18826
2025-02-20,13670,17950
2025-02-21,9516,16855
2025-02-22,8155,17625
2025-02-23,6971,17677
2025-02-24,6146,16959
2025-02-25,8707,15834
2025-02-26,12173,16070
2025-02-27,11315,15745
2025-02-28,8613,15938
2025-03-01,7285,15740
2025-03-02,6492,16660
2025-03-03,4574,16531
2025-03-04,3755,15115
2025-03-05,3166,15793
2025-03-06,3108,15929
2025-03-07,3111,14226
2025-03-08,2684,14218
2025-03-09,2509,15167
2025-03-10,2288,14645
2025-03-11,2130,14001
2025-03-12,2163,14121
2025-03-13,1975,15191
2025-03-14,2077,14961
2025-03-15,2049,14789
2025-03-16,2159,17558
2025-03-17,2420,17392
2025-03-18,1900,18809
2025-03-19,2055,14697
2025-03-20,1913,13963
2025-03-21,1674,14558
2025-03-22,1741,14441
2025-03-23,2036,15780
2025-03-24,1826,16228
2025-03-25,1513,14652
2025-03-26,1695,15302
2025-03-27,1579,19532
2025-03-28,1623,16913
2025-03-29,1460,14459
2025-03-30,1496,13930
2025-03-31,1624,13716
2025-04-01,1541,13397
2025-04-02,1356,13765
2025-04-03,1289,12822
2025-04-04,1312,12566
2025-04-05,3150,12442
2025-04-06,1643,13407
2025-04-07,1417,12352
2025-04-08,1312,12678
2025-04-09,1273,12901
2025-04-10,1303,13694
2025-04-11,1305,12901
2025-04-12,1363,13074
2025-04-13,1345,13128
2025-04-14,1444,13128
2025-04-15,1361,13257
2025-04-16,1547,13019
2025-04-17,1480,12875
2025-04-18,1366,12561
2025-04-19,1340,12793
2025-04-20,1537,12680
2025-04-21,1632,12766
2025-04-22,1473,12168
2025-04-23,1453,11883
2025-04-24,1570,12671
2025-04-25,2113,13091
2025-04-26,5065,12455
2025-04-27,9429,12795
2025-04-28,1923,13150
2025-04-29,1495,12582
2025-04-30,1422,12808
2025-05-01,1318,11921
2025-05-02,1342,11817
2025-05-03,1246,12468
2025-05-04,1345,13632
2025-05-05,1280,12691
2025-05-06,1432,12579
2025-05-07,1255,12258
2025-05-08,1301,11743
2025-05-09,1356,12034
2025-05-10,1365,13582
2025-05-11,1317,13381
2025-05-12,1564,13175
2025-05-13,1496,12658
2025-05-14,1558,13504
2025-05-15,1265,13096
2025-05-16,1159,15201
2025-05-17,1112,16317
2025-05-18,1211,14452
2025-05-19,1346,14567
2025-05-20,1185,47187
2025-05-21,1187,29252
2025-05-22,1202,19179
2025-05-23,1019,16062
2025-05-24,1023,14256
2025-05-25,1185,14822
2025-05-26,1179,17110
2025-05-27,1308,21870
2025-05-28,1328,13695
2025-05-29,1470,13033
2025-05-30,1265,48567
2025-05-31,1102,45963
2025-06-01,1080,23801
2025-06-02,1194,21205
2025-06-03,1482,18067
2025-06-04,1635,17567
2025-06-05,1598,15038
2025-06-06,1501,14676
2025-06-07,1332,15103
2025-06-08,1367,16372
2025-06-09,1338,15775
2025-06-10,1298,15794
2025-06-11,1217,14124
2025-06-12,1104,13274
2025-06-13,949,22438
2025-06-14,1075,14130
2025-06-15,1109,13127
2025-06-16,1234,12313
2025-06-17,1193,12466
2025-06-18,985,12809
2025-06-19,1042,12781
2025-06-20,1072,11550
2025-06-21,1082,12482
2025-06-22,1001,12478
2025-06-23,1035,11930
2025-06-24,1042,12097
2025-06-25,1027,13924
2025-06-26,1421,13295
2025-06-27,1177,12993
2025-06-28,1220,13418
2025-06-29,1345,14019
2025-06-30,1138,11996
2025-07-01,1128,11166
2025-07-02,981,11466
2025-07-03,1808,10811
2025-07-04,1188,11338
2025-07-05,1324,11940
2025-07-06,1364,12504
2025-07-07,1176,11675
2025-07-08,1089,11464
2025-07-09,1318,11259
2025-07-10,1201,11574
2025-07-11,1155,11991
2025-07-12,1157,11984
2025-07-13,1190,12592
2025-07-14,1084,11751
2025-07-15,1055,11425
2025-07-16,1066,13785
2025-07-17,1029,12583
2025-07-18,1012,11675
2025-07-19,1053,11532
2025-07-20,1105,12016
2025-07-21,1164,31274
2025-07-22,1113,13301
2025-07-23,1046,13119
2025-07-24,1482,13621
2025-07-25,1496,17101
2025-07-26,1611,17648
2025-07-27,1758,19357
2025-07-28,1443,15325
2025-07-29,1208,15736
2025-07-30,1210,20770
2025-07-31,1356,14751
2025-08-01,1303,14663
2025-08-02,1197,14458
2025-08-03,1197,14006
2025-08-04,1167,14494
2025-08-05,1135,13750
2025-08-06,1422,13474
2025-08-07,1399,13044
2025-08-08,1462,12396
2025-08-09,1076,12569
2025-08-10,1139,13594
2025-08-11,1201,17127
2025-08-12,1216,128174
2025-08-13,1184,73209
2025-08-14,1189,126031
2025-08-15,1086,55972
2025-08-16,952,37681
2025-08-17,1130,30658
2025-08-18,1123,33489
2025-08-19,1262,32679
2025-08-20,1217,22583
2025-08-21,1097,21700
2025-08-22,1064,20804
2025-08-23,1062,19554
2025-08-24,1176,18924
2025-08-25,1082,19692
2025-08-26,1179,238018
2025-08-27,1119,293943
2025-08-28,1206,124007
2025-08-29,1127,84810
2025-08-30,989,91403
2025-08-31,1012,54592
2025-09-01,1169,41206
2025-09-02,1059,33484
2025-09-03,1131,28959
2025-09-04,1077,26328
2025-09-05,1020,25237
2025-09-06,975,27491
2025-09-07,1024,23356
2025-09-08,1122,21527
2025-09-09,1029,18984
2025-09-10,1028,17672
2025-09-11,973,15953
2025-09-12,985,16590
2025-09-13,947,17126
2025-09-14,1298,24952
2025-09-15,2968,19276
2025-09-16,1163,16621
2025-09-17,1036,17051
2025-09-18,1056,16545
2025-09-19,1008,21213
2025-09-20,1023,19737
2025-09-21,1025,19199
2025-09-22,1782,21861
2025-09-23,1389,17986
2025-09-24,1028,16654
2025-09-25,1264,17019
2025-09-26,1445,18106
2025-09-27,1202,17710
2025-09-28,1938,21184
2025-09-29,2181,19835
2025-09-30,4709,26268
2025-10-01,2014,22833
2025-10-02,1363,34391
2025-10-03,1131,176070
2025-10-04,1160,126895
2025-10-05,1165,96820
2025-10-06,1074,90231
2025-10-07,1174,94320
2025-10-08,1150,70297
2025-10-09,1103,59044
2025-10-10,996,53478
2025-10-11,983,47801
2025-10-12,1071,41661
2025-10-13,1087,51047
2025-10-14,965,40632
2025-10-15,1051,31813
2025-10-16,1108,28429
2025-10-17,1414,30287
2025-10-18,1068,27005
2025-10-19,1175,26185
2025-10-20,1461,22842
2025-10-21,1278,21059
2025-10-22,1267,20961
2025-10-23,1242,20165
2025-10-24,1060,20373
2025-10-25,1314,20120
2025-10-26,1243,20326
2025-10-27,1085,34190
2025-10-28,1089,20955
2025-10-29,1087,18176
2025-10-30,1096,17839
2025-10-31,1124,16137
2025-11-01,983,16269
2025-11-02,984,18852
2025-11-03,1035,17135
2025-11-04,1248,15791
2025-11-05,1482,15066
2025-11-06,1608,15011
2025-11-07,1746,16417
2025-11-08,1831,19096
2025-11-09,1601,20636
2025-11-10,1301,16870
2025-11-11,1190,15643
2025-11-12,1343,15189
2025-11-13,1163,16263
2025-11-14,1146,16939
2025-11-15,1115,16987
2025-11-16,1196,17149
2025-11-17,1259,17093
2025-11-18,1229,15311
2025-11-19,1201,14245
2025-11-20,1181,14777
2025-11-21,1202,14266
2025-11-22,1061,15579
2025-11-23,1103,16921
2025-11-24,1248,14848
2025-11-25,1128,13786
2025-11-26,1182,13231
2025-11-27,1317,18497
2025-11-28,1020,16976
2025-11-29,1034,14919
2025-11-30,1119,15237
2025-12-01,1307,14960
2025-12-02,1120,14928
2025-12-03,1029,15533
2025-12-04,1187,16590
2025-12-05,1076,16810
2025-12-06,1077,17773
2025-12-07,977,17176
2025-12-08,1705,21337
2025-12-09,1100,15723
2025-12-10,1037,16471
2025-12-11,1052,27641
2025-12-12,1065,37346
2025-12-13,1103,78136
2025-12-14,1071,45326
2025-12-15,993,28680
2025-12-16,1000,20915
2025-12-17,1076,19434
2025-12-18,1072,18795
2025-12-19,982,21700
2025-12-20,1050,26951
2025-12-21,1628,26721
2025-12-22,1604,22113
2025-12-23,1020,28289
2025-12-24,931,30681
2025-12-25,1040,25286
2025-12-26,1106,39317
2025-12-27,1089,31196
2025-12-28,1057,28689
2025-12-29,1164,27085
2025-12-30,1017,24140
2025-12-31,980,23540
2026-01-01,1020,24782
2026-01-02,1239,22489
2026-01-03,1291,20871
2026-01-04,1305,21633
2026-01-05,1257,18539
2026-01-06,1148,17236
2026-01-07,981,16842
2026-01-08,1027,15768
2026-01-09,1020,16349
2026-01-10,1106,19260
2026-01-11,1143,19014
2026-01-12,1148,16982
2026-01-13,1136,15795
2026-01-14,1163,15411
2026-01-15,1129,15168
2026-01-16,986,15593
2026-01-17,1041,16285
2026-01-18,1274,17248
2026-01-19,1071,15083
2026-01-20,1399,14153
2026-01-21,1121,16535
2026-01-22,1068,17227
2026-01-23,1094,14411
2026-01-24,1151,15420
2026-01-25,1123,14698
2026-01-26,1096,14481
2026-01-27,1080,13358
2026-01-28,1030,13287
2026-01-29,972,12937
2026-01-30,1096,13044
2026-01-31,1336,13810
2026-02-01,1369,14274
2026-02-02,1232,17604
2026-02-03,1236,14259
2026-02-04,1441,20194
2026-02-05,1270,15201
2026-02-06,1327,17952
2026-02-07,1250,16763
2026-02-08,1222,17640
2026-02-09,1254,17773
2026-02-10,1142,13691
2026-02-11,1219,13095
2026-02-12,1224,12904
2026-02-13,1215,14268
2026-02-14,1111,14170
2026-02-15,1241,14637
2026-02-16,1208,12946
2026-02-17,1053,12871
2026-02-18,1125,11634
2026-02-19,1174,13177
